,Peptide,pep_mod_xls,pep_mod_pep,b_correlation(All),protocol,y_correlation(All),max_b_y(All),b_correlation(3-prefix/suffix),y_correlation(3-prefix/suffix),max_b_y(3-prefix/suffix)
0,GTAM(Oxidation)NPVDHPHGGGEGR,GTAM(Oxidation)NPVDHPHGGGEGR|A+C5H9N1,GTAM(Oxidation)NPVDHPHGGGEGR|none,0.0,NM_S30_9,0.7308299478180955,0.7308299478180955,0.0,0.4194759371228866,0.4194759371228866
6,GTAM(Oxidation)NPVDHPHGGGEGR,GTAM(Oxidation)NPVDHPHGGGEGR|G+C5H9N1,GTAM(Oxidation)NPVDHPHGGGEGR|none,0.8204831494472513,NM_S30_9,0.7171065277120167,0.8204831494472513,0.9979923925348327,0.7457944337699255,0.9979923925348327
12,GTAM(Oxidation)NPVDHPHGGGEGR,GTAM(Oxidation)NPVDHPHGGGEGR|AU+C5H9N1,GTAM(Oxidation)NPVDHPHGGGEGR|none,0.8360501929189614,NM_S30_9,0.8666101335397665,0.8666101335397665,0.9992787631953439,0.9382730597101291,0.9992787631953439
18,GTAM(Oxidation)NPVDHPHGGGEGR,GTAM(Oxidation)NPVDHPHGGGEGR|AC+C5H9N1,GTAM(Oxidation)NPVDHPHGGGEGR|none,0.5118460383450315,NM_S30_9,0.8389343892995966,0.8389343892995966,0.9630441502799797,0.8475369898226001,0.9630441502799797
21,GTAM(Oxidation)NPVDHPHGGGEGR,GTAM(Oxidation)NPVDHPHGGGEGR|AA+C5H9N1,GTAM(Oxidation)NPVDHPHGGGEGR|none,0.8346293075692881,NM_S30_9,0.9184729332124975,0.9184729332124975,0.9953918191163059,0.9853155769032548,0.9953918191163059
33,GTAM(Oxidation)NPVDHPHGGGEGR,GTAM(Oxidation)NPVDHPHGGGEGR|CG+C5H9N1,GTAM(Oxidation)NPVDHPHGGGEGR|none,0.5684150937018182,NM_S30_9,0.8167879631772493,0.8167879631772493,0.988028316437217,0.8062205534557599,0.988028316437217
39,GTAM(Oxidation)NPVDHPHGGGEGR,GTAM(Oxidation)NPVDHPHGGGEGR|UU+C5H9N1,GTAM(Oxidation)NPVDHPHGGGEGR|none,0.8293010094539519,NM_S30_9,0.7779908170337355,0.8293010094539519,0.9997209995850201,0.9797051778692653,0.9997209995850201
54,GTAM(Oxidation)NPVDHPHGGGEGR,GTAM(Oxidation)NPVDHPHGGGEGR|AG+C5H9N1,GTAM(Oxidation)NPVDHPHGGGEGR|none,0.8893182056291987,NM_S30_9,0.8489616211427506,0.8893182056291987,0.9389634744124175,0.9969363490897429,0.9969363490897429
81,GTAMNPVDHPHGGGEGR,GTAMNPVDHPHGGGEGR|AC+C5H9N1,GTAMNPVDHPHGGGEGR|none,0.5402248364512823,NM_S30_9,0.9471743784109963,0.9471743784109963,0.90878944266066,0.9942598542964258,0.9942598542964258
85,GTAMNPVDHPHGGGEGR,GTAMNPVDHPHGGGEGR|CC+C5H9N1,GTAMNPVDHPHGGGEGR|none,0.4831366760546884,NM_S30_9,0.8892614330348922,0.8892614330348922,0.9847193832505219,0.9790964297776972,0.9847193832505219
89,GTAMNPVDHPHGGGEGR,GTAMNPVDHPHGGGEGR|CG+C5H9N1,GTAMNPVDHPHGGGEGR|none,0.15025165992693,NM_S30_9,0.8359246653529613,0.8359246653529613,0.9543643325045605,0.9805427785572698,0.9805427785572698
93,GTAMNPVDHPHGGGEGR,GTAMNPVDHPHGGGEGR|AG+C5H9N1,GTAMNPVDHPHGGGEGR|none,0.1098640297638332,NM_S30_9,0.8603035521084614,0.8603035521084614,0.9875532349059148,0.975788166083005,0.9875532349059148
97,GTAMNPVDHPHGGGEGR,GTAMNPVDHPHGGGEGR|GU+C5H9N1,GTAMNPVDHPHGGGEGR|none,0.6314542127313403,NM_S30_9,0.9499348512386278,0.9499348512386278,0.9170065707923856,0.997292980645655,0.997292980645655
101,GTAMNPVDHPHGGGEGR,GTAMNPVDHPHGGGEGR|AA+C5H9N1,GTAMNPVDHPHGGGEGR|none,0.23996713641399814,NM_S30_9,0.8732493979117495,0.8732493979117495,0.9562458314515161,0.9630499352952437,0.9630499352952437
105,GTAMNPVDHPHGGGEGR,GTAMNPVDHPHGGGEGR|G+C5H9N1,GTAMNPVDHPHGGGEGR|none,0.4044321283542042,NM_S30_9,0.8721574096843435,0.8721574096843435,0.9823148458831431,0.9973678092412837,0.9973678092412837
109,GTAMNPVDHPHGGGEGR,GTAMNPVDHPHGGGEGR|AU+C5H9N1,GTAMNPVDHPHGGGEGR|none,0.1608696937296997,NM_S30_9,0.8516686906700208,0.8516686906700208,0.9211753115248613,0.9752427112740845,0.9752427112740845
129,GTAMNPVDHPHGGGEGR,GTAMNPVDHPHGGGEGR|UU+C5H9N1,GTAMNPVDHPHGGGEGR|none,0.19215712054882741,NM_S30_9,0.7791599671897889,0.7791599671897889,0.8551642788602476,0.5915508307364182,0.8551642788602476
141,VAEAEM(Oxidation)ATMEK,VAEAEM(Oxidation)ATMEK|AC+C5H9N1,VAEAEM(Oxidation)ATMEK|none,0.9153744827966277,NM_S30_9,0.23260416558313185,0.9153744827966277,0.9970822897927852,0.903167260307782,0.9970822897927852
142,VAEAEM(Oxidation)ATMEK,VAEAEM(Oxidation)ATMEK|A+C5H9N1,VAEAEM(Oxidation)ATMEK|none,0.9690459222368548,NM_S30_9,0.5963892832914124,0.9690459222368548,0.9844819819028119,0.6219822435017014,0.9844819819028119
144,VAGEMNLSK,VAGEMNLSK|G+C5H9N1,VAGEMNLSK|none,-0.2651368366453004,NM_S30_9,0.12107460006733523,0.12107460006733523,0.18611785903061323,-0.915705091547429,0.18611785903061323
153,VAGEMNLSK,VAGEMNLSK|CU+C5H9N1,VAGEMNLSK|none,0.9238714874200405,NM_S30_9,0.799399704599696,0.9238714874200405,0.9288136429632069,0.7840152698924574,0.9288136429632069
156,VAGEMNLSK,VAGEMNLSK|AG+C5H9N1,VAGEMNLSK|none,0.6294286821477008,NM_S30_9,0.4278105246784083,0.6294286821477008,0.8993609652447946,0.7778601407552813,0.8993609652447946
159,VAGEMNLSK,VAGEMNLSK|AU+C5H9N1,VAGEMNLSK|none,0.9368594128769427,NM_S30_9,0.7039053507595145,0.9368594128769427,0.9520554974075549,0.9408804595464269,0.9520554974075549
162,QVQQPVMDR,QVQQPVMDR|G+C5H9N1,QVQQPVMDR|none,0.9876503943826302,NM_S30_9,0.9748982932766526,0.9876503943826302,0.9676955582640114,0.9308048676573579,0.9676955582640114
168,QVQQPVMDR,QVQQPVMDR|AU+C5H9N1,QVQQPVMDR|none,0.9816486778744761,NM_S30_9,0.8829469102343951,0.9816486778744761,0.9262349770723323,0.9244213237390314,0.9262349770723323
170,VGAATEVEMKEK,VGAATEVEMKEK|A+C5H9N1,VGAATEVEMKEK|none,0.7765171026143409,NM_S30_9,0.4108198811377229,0.7765171026143409,0.9986871227826257,0.6315162212049225,0.9986871227826257
171,VGAATEVEMKEK,VGAATEVEMKEK|G+C5H9N1,VGAATEVEMKEK|none,0.8182290233020301,NM_S30_9,0.8193520222406616,0.8193520222406616,0.9994014371953118,0.3802017188886117,0.9994014371953118
172,VGAATEVEMKEK,VGAATEVEMKEK|AA+C5H9N1,VGAATEVEMKEK|none,0.7335941005263792,NM_S30_9,0.4408011712546371,0.7335941005263792,0.9986603823441118,0.2667271271894094,0.9986603823441118
173,ATGEMKEQTEWHR,ATGEMKEQTEWHR|G+C5H9N1,ATGEMKEQTEWHR|none,0.43326122243206067,NM_S30_9,0.7045251570935478,0.7045251570935478,0.9877969299990378,0.9999932820192766,0.9999932820192766
174,QPDAMTHPDGM(Oxidation)QIK,QPDAMTHPDGM(Oxidation)QIK|AC+C5H9N1,QPDAMTHPDGM(Oxidation)QIK|none,0.35014332602681636,NM_S30_9,0.8654121812772632,0.8654121812772632,0.33497068555706844,0.9876495181723828,0.9876495181723828
176,QPDAMTHPDGM(Oxidation)QIK,QPDAMTHPDGM(Oxidation)QIK|G+C5H9N1,QPDAMTHPDGM(Oxidation)QIK|none,0.3122887279453421,NM_S30_9,0.7959512524690411,0.7959512524690411,0.857009039426799,0.9977474127151463,0.9977474127151463
182,QPDAMTHPDGM(Oxidation)QIK,QPDAMTHPDGM(Oxidation)QIK|AG+C5H9N1,QPDAMTHPDGM(Oxidation)QIK|none,0.32853378188918775,NM_S30_9,0.8146331111378099,0.8146331111378099,0.3256790911607301,0.9897679628463703,0.9897679628463703
184,QPDAMTHPDGM(Oxidation)QIK,QPDAMTHPDGM(Oxidation)QIK|AU+C5H9N1,QPDAMTHPDGM(Oxidation)QIK|none,0.5867455668249546,NM_S30_9,0.8752824786608147,0.8752824786608147,0.8296630218701503,0.9948559520822982,0.9948559520822982
186,QPDAMTHPDGM(Oxidation)QIK,QPDAMTHPDGM(Oxidation)QIK|GU+C5H9N1,QPDAMTHPDGM(Oxidation)QIK|none,0.02624578710685483,NM_S30_9,0.7669578516391514,0.7669578516391514,-0.503687004259386,0.9666272710819817,0.9666272710819817
192,EISMSIK,EISMSIK|AC+C5H9N1,EISMSIK|none,0.0,NM_S30_9,0.8526929080821425,0.8526929080821425,0.0,0.8117364776816339,0.8117364776816339
195,EISMSIK,EISMSIK|CC+C5H9N1,EISMSIK|none,0.0,NM_S30_9,0.9558704279977137,0.9558704279977137,0.0,0.965882380730345,0.965882380730345
198,EISMSIK,EISMSIK|G+C5H9N1,EISMSIK|none,0.0,NM_S30_9,0.8550291182923367,0.8550291182923367,0.0,0.9370195555357592,0.9370195555357592
207,EISMSIK,EISMSIK|CU+C5H9N1,EISMSIK|none,0.0,NM_S30_9,0.7852093153559051,0.7852093153559051,0.0,0.8205818303108385,0.8205818303108385
210,EISMSIK,EISMSIK|CG+C5H9N1,EISMSIK|none,0.0,NM_S30_9,0.9617259449286999,0.9617259449286999,0.0,0.9380885183531887,0.9380885183531887
213,EISMSIK,EISMSIK|AU+C5H9N1,EISMSIK|none,0.0,NM_S30_9,0.8233076872275752,0.8233076872275752,0.0,0.93557651811798,0.93557651811798
216,EISMSIK,EISMSIK|AG+C5H9N1,EISMSIK|none,0.0,NM_S30_9,0.9281126900672538,0.9281126900672538,0.0,0.892077292409835,0.892077292409835
228,AVIESENSAER,AVIESENSAER|G+C5H9N1,AVIESENSAER|none,0.8504080382982169,NM_S30_9,0.1876391367492455,0.8504080382982169,0.8426131868062205,0.9841086312441437,0.9841086312441437
230,AVIESENSAER,AVIESENSAER|AU+C5H9N1,AVIESENSAER|none,0.8706572966625551,NM_S30_9,0.14013460483399387,0.8706572966625551,0.8691487768474468,0.9242110753916056,0.9242110753916056
232,RAMAWEEHDE,RAMAWEEHDE|G+C5H9N1,RAMAWEEHDE|none,0.9796984626018039,NM_S30_9,0.9835910725522873,0.9835910725522873,-0.43730525723903857,0.996786933336425,0.996786933336425
233,MEQNPQSQLK,MEQNPQSQLK|G+C5H9N1,MEQNPQSQLK|none,0.9774367502013918,NM_S30_9,0.7876859893884971,0.9774367502013918,0.9999966958625497,0.9454897980168921,0.9999966958625497
235,MEQNPQSQLK,MEQNPQSQLK|AG+C5H9N1,MEQNPQSQLK|none,0.5563279296701718,NM_S30_9,0.7906001622199855,0.7906001622199855,0.9501152562929143,0.9948157207636055,0.9948157207636055
237,MEQNPQSQLK,MEQNPQSQLK|AU+C5H9N1,MEQNPQSQLK|none,0.5053380757312365,NM_S30_9,0.6876045231068882,0.6876045231068882,0.33941348322778564,0.9943352407062818,0.9943352407062818
239,VGAATEVEMK,VGAATEVEMK|A+C5H9N1,VGAATEVEMK|none,0.9527172132874455,NM_S30_9,0.8276776549719527,0.9527172132874455,0.9999987551818738,0.9477153254931995,0.9999987551818738
240,VGAATEVEMK,VGAATEVEMK|C+C5H9N1,VGAATEVEMK|none,0.9725900139154393,NM_S30_9,0.963113443563868,0.9725900139154393,0.9998585909025745,0.8658598098150683,0.9998585909025745
241,VGAATEVEMK,VGAATEVEMK|G+C5H9N1,VGAATEVEMK|none,0.955125281939884,NM_S30_9,0.9603195350743878,0.9603195350743878,0.9994921044987554,0.7493143803464613,0.9994921044987554
242,VGAATEVEMK,VGAATEVEMK|AC+C5H9N1,VGAATEVEMK|none,0.3033558848089639,NM_S30_9,-0.4936004257467382,0.3033558848089639,0.9974973192278158,0.039820403286964984,0.9974973192278158
243,VGAATEVEMK,VGAATEVEMK|AA+C5H9N1,VGAATEVEMK|none,-0.4077833895409267,NM_S30_9,-0.6028085456010616,-0.4077833895409267,0.3357913701358992,-0.9727683239306422,0.3357913701358992
246,VGAATEVEMK,VGAATEVEMK|AG+C5H9N1,VGAATEVEMK|none,0.7625816920995883,NM_S30_9,0.6088824463327906,0.7625816920995883,0.9996359944736297,0.6855704375140231,0.9996359944736297
247,GSMDAHEVNSLR,GSMDAHEVNSLR|G+C5H9N1,GSMDAHEVNSLR|none,0.8982033943497889,NM_S30_9,0.9756356338694709,0.9756356338694709,0.9690937498822565,0.9999969331912556,0.9999969331912556
248,VEM(Oxidation)ADPMVAQR,VEM(Oxidation)ADPMVAQR|CC+C5H9N1,VEM(Oxidation)ADPMVAQR|none,0.97634319018404,NM_S30_9,0.9364555425058452,0.97634319018404,0.998469401154184,0.6293801245688593,0.998469401154184
249,VEM(Oxidation)ADPMVAQR,VEM(Oxidation)ADPMVAQR|AC+C5H9N1,VEM(Oxidation)ADPMVAQR|none,0.9765500211478834,NM_S30_9,0.8875021523783648,0.9765500211478834,0.9993492345219406,0.8064256179000159,0.9993492345219406
250,VEM(Oxidation)ADPMVAQR,VEM(Oxidation)ADPMVAQR|G+C5H9N1,VEM(Oxidation)ADPMVAQR|none,0.7121110376458494,NM_S30_9,0.670566299892425,0.7121110376458494,0.8657662462089939,0.0634083007668973,0.8657662462089939
253,VEM(Oxidation)ADPMVAQR,VEM(Oxidation)ADPMVAQR|AG+C5H9N1,VEM(Oxidation)ADPMVAQR|none,0.9674548613952958,NM_S30_9,0.8811966820146213,0.9674548613952958,0.999999811725421,0.35124692878960884,0.999999811725421
254,FGMHADVESADGDVHR,FGMHADVESADGDVHR|G+C5H9N1,FGMHADVESADGDVHR|none,0.9077334662843017,NM_S30_9,0.9538963838931739,0.9538963838931739,0.4944429391856523,0.9431631398191964,0.9431631398191964
255,FGMHADVESADGDVHR,FGMHADVESADGDVHR|AC+C5H9N1,FGMHADVESADGDVHR|none,0.6772666440549108,NM_S30_9,0.2971673166738398,0.6772666440549108,1.0,0.998106883237453,1.0
259,APTGEPAAAAEMTK,APTGEPAAAAEMTK|AC+C5H9N1,APTGEPAAAAEMTK|none,0.9676694859730207,NM_S30_9,0.971046409404056,0.971046409404056,0.9997176646302969,0.9856119584145461,0.9997176646302969
263,APTGEPAAAAEMTK,APTGEPAAAAEMTK|CC+C5H9N1,APTGEPAAAAEMTK|none,0.9779042856487754,NM_S30_9,0.9561503166138545,0.9779042856487754,0.9997598282078065,0.9403352220671273,0.9997598282078065
267,APTGEPAAAAEMTK,APTGEPAAAAEMTK|A+C5H9N1,APTGEPAAAAEMTK|none,0.9532320919793812,NM_S30_9,0.9588242278139394,0.9588242278139394,0.9987864700144464,0.9974869811700037,0.9987864700144464
271,APTGEPAAAAEMTK,APTGEPAAAAEMTK|G+C5H9N1,APTGEPAAAAEMTK|none,0.9828537656530307,NM_S30_9,0.9843281231181182,0.9843281231181182,0.9998714172526774,0.9341544410428781,0.9998714172526774
279,APTGEPAAAAEMTK,APTGEPAAAAEMTK|CG+C5H9N1,APTGEPAAAAEMTK|none,0.9757605797562707,NM_S30_9,0.9790869563634867,0.9790869563634867,0.998983408244431,0.9448288717835378,0.998983408244431
283,APTGEPAAAAEMTK,APTGEPAAAAEMTK|AA+C5H9N1,APTGEPAAAAEMTK|none,0.9897863739378394,NM_S30_9,0.9559025295740695,0.9897863739378394,0.9999631202097705,0.9333884963841235,0.9999631202097705
291,APTGEPAAAAEMTK,APTGEPAAAAEMTK|AG+C5H9N1,APTGEPAAAAEMTK|none,0.9768289893837823,NM_S30_9,0.8791333280739364,0.9768289893837823,0.9986619106412868,0.9085227213808326,0.9986619106412868
299,APTGEPAAAAEMTK,APTGEPAAAAEMTK|AU+C5H9N1,APTGEPAAAAEMTK|none,0.955115025522365,NM_S30_9,0.9577747458230095,0.9577747458230095,0.9998837680468184,0.9666540025806722,0.9998837680468184
311,MNTEATHDQNEALTTGAR,MNTEATHDQNEALTTGAR|G+C5H9N1,MNTEATHDQNEALTTGAR|none,0.32064305180974484,NM_S30_9,0.5155159952110275,0.5155159952110275,0.8616601603074996,0.9736045468700774,0.9736045468700774
312,TPNPGNTMSEQLGDK,TPNPGNTMSEQLGDK|G+C5H9N1,TPNPGNTMSEQLGDK|none,0.904555088740456,NM_S30_9,0.5545060169415397,0.904555088740456,0.9772832603312782,0.43324187849043155,0.9772832603312782
314,TPNPGNTMSEQLGDK,TPNPGNTMSEQLGDK|GU+C5H9N1,TPNPGNTMSEQLGDK|none,0.9235046777264383,NM_S30_9,0.6383951095407562,0.9235046777264383,0.9447121220409216,0.6207077732085688,0.9447121220409216
315,YSYVDENGETK,YSYVDENGETK|G+C5H9N1,YSYVDENGETK|none,0.7255289147057207,NM_S30_9,-0.25653580127468506,0.7255289147057207,0.8893940096393962,0.9072605033575509,0.9072605033575509
317,YSYVDENGETK,YSYVDENGETK|AU+C5H9N1,YSYVDENGETK|none,0.9205327616610833,NM_S30_9,-0.4757636265760162,0.9205327616610833,0.9478626375740362,0.6989177489119014,0.9478626375740362
318,MQIDSKPEELDR,MQIDSKPEELDR|AC+C5H9N1,MQIDSKPEELDR|none,0.9303749593268063,NM_S30_9,0.7655708504153212,0.9303749593268063,0.9980804139752859,0.9999671828351201,0.9999671828351201
319,MQIDSKPEELDR,MQIDSKPEELDR|CC+C5H9N1,MQIDSKPEELDR|none,0.8295470480422621,NM_S30_9,0.5970847674465206,0.8295470480422621,0.9984028519841424,0.9904559218923782,0.9984028519841424
320,MQIDSKPEELDR,MQIDSKPEELDR|G+C5H9N1,MQIDSKPEELDR|none,0.9101789977998563,NM_S30_9,0.7059068042734418,0.9101789977998563,0.9989121244150118,0.9917888421714238,0.9989121244150118
321,MQIDSKPEELDR,MQIDSKPEELDR|AA+C5H9N1,MQIDSKPEELDR|none,0.9068911413630667,NM_S30_9,0.7616122949686922,0.9068911413630667,0.995503946332363,0.9955495855696818,0.9955495855696818
322,MQIDSKPEELDR,MQIDSKPEELDR|AU+C5H9N1,MQIDSKPEELDR|none,0.9215618880803174,NM_S30_9,0.7431394808227448,0.9215618880803174,0.9979781041200575,0.9999246091268209,0.9999246091268209
323,MQIDSKPEELDR,MQIDSKPEELDR|AG+C5H9N1,MQIDSKPEELDR|none,0.9153370637662089,NM_S30_9,0.8379246227741104,0.9153370637662089,0.9903347882997647,0.9958582503926842,0.9958582503926842
324,MQIDSKPEELDR,MQIDSKPEELDR|CU+C5H9N1,MQIDSKPEELDR|none,0.8457409881280658,NM_S30_9,0.593064947241207,0.8457409881280658,0.9991373494930784,0.9999400590804968,0.9999400590804968
325,LAESEASNDQAPVQMPR,LAESEASNDQAPVQMPR|G+C5H9N1,LAESEASNDQAPVQMPR|none,0.956318456682212,NM_S30_9,0.5445261922026243,0.956318456682212,0.9987382419775159,0.9999651230539853,0.9999651230539853
326,LAESEASNDQAPVQMPR,LAESEASNDQAPVQMPR|AC+C5H9N1,LAESEASNDQAPVQMPR|none,0.9105911919979185,NM_S30_9,0.5718787724745991,0.9105911919979185,0.9997341227891132,0.9836381809851786,0.9997341227891132
331,LAESEASNDQAPVQMPR,LAESEASNDQAPVQMPR|AA+C5H9N1,LAESEASNDQAPVQMPR|none,0.9355601009464625,NM_S30_9,0.6245653309699283,0.9355601009464625,0.9980293464819724,0.9585194952226932,0.9980293464819724
333,LAESEASNDQAPVQMPR,LAESEASNDQAPVQMPR|CG+C5H9N1,LAESEASNDQAPVQMPR|none,0.9110845575451787,NM_S30_9,0.5825785804170742,0.9110845575451787,0.9858850393325211,0.9827887783358533,0.9858850393325211
334,LAESEASNDQAPVQMPR,LAESEASNDQAPVQMPR|AG+C5H9N1,LAESEASNDQAPVQMPR|none,0.9061380875396966,NM_S30_9,0.5897424959260374,0.9061380875396966,0.9992201711209571,0.921957234494785,0.9992201711209571
335,LAESEASNDQAPVQMPR,LAESEASNDQAPVQMPR|CU+C5H9N1,LAESEASNDQAPVQMPR|none,0.907999707977882,NM_S30_9,0.5688806517396493,0.907999707977882,0.9880571416008564,0.9813002354674123,0.9880571416008564
336,LAESEASNDQAPVQMPR,LAESEASNDQAPVQMPR|AU+C5H9N1,LAESEASNDQAPVQMPR|none,0.9088755803435684,NM_S30_9,0.5569407345140198,0.9088755803435684,0.9999486088407529,0.9605797037991491,0.9999486088407529
337,M(Oxidation)QIDSKPEELDR,M(Oxidation)QIDSKPEELDR|A+C5H9N1,M(Oxidation)QIDSKPEELDR|none,0.0,NM_S30_9,0.9715492464922154,0.9715492464922154,0.0,0.9787394533518787,0.9787394533518787
338,M(Oxidation)QIDSKPEELDR,M(Oxidation)QIDSKPEELDR|AC+C5H9N1,M(Oxidation)QIDSKPEELDR|none,0.04492093196165139,NM_S30_9,0.3605424016507308,0.3605424016507308,0.11974629060133168,0.9963167854060994,0.9963167854060994
339,AGDMVIDGSVR,AGDMVIDGSVR|AC+C5H9N1,AGDMVIDGSVR|none,0.8977961216815915,NM_S30_9,0.8941507271057573,0.8977961216815915,0.9958066719645398,0.9941159412450296,0.9958066719645398
340,AGDMVIDGSVR,AGDMVIDGSVR|CC+C5H9N1,AGDMVIDGSVR|none,0.9171623183123863,NM_S30_9,0.9373332289270434,0.9373332289270434,0.9072531712334886,0.9902988727775606,0.9902988727775606
341,AGDMVIDGSVR,AGDMVIDGSVR|G+C5H9N1,AGDMVIDGSVR|none,0.9532864336297039,NM_S30_9,0.8831210629961781,0.9532864336297039,0.98773618021274,0.9803741306119733,0.98773618021274
344,AGDMVIDGSVR,AGDMVIDGSVR|CG+C5H9N1,AGDMVIDGSVR|none,0.9874982315370044,NM_S30_9,0.9552827086897789,0.9874982315370044,0.9999829639050766,0.9946158117904209,0.9999829639050766
345,AGDMVIDGSVR,AGDMVIDGSVR|AG+C5H9N1,AGDMVIDGSVR|none,0.8801620117284531,NM_S30_9,0.8980519209404542,0.8980519209404542,0.9978033661739514,0.946070894045649,0.9978033661739514
346,AGDMVIDGSVR,AGDMVIDGSVR|CU+C5H9N1,AGDMVIDGSVR|none,0.9948690286844111,NM_S30_9,0.9838564003437209,0.9948690286844111,0.9984860361571898,0.9965080513750538,0.9984860361571898
347,AGDMVIDGSVR,AGDMVIDGSVR|AU+C5H9N1,AGDMVIDGSVR|none,0.8806704897492811,NM_S30_9,0.8803024673344181,0.8806704897492811,0.9988009607950723,0.9476776850841552,0.9988009607950723
349,IGSDEMWDR,IGSDEMWDR|AC+C5H9N1,IGSDEMWDR|none,0.9564504081816868,NM_S30_9,0.5652443823296894,0.9564504081816868,0.9515469391740277,0.9875968329717921,0.9875968329717921
350,IGSDEMWDR,IGSDEMWDR|G+C5H9N1,IGSDEMWDR|none,0.9668882172997059,NM_S30_9,0.834378369680775,0.9668882172997059,0.9743811616068471,0.9069046331453382,0.9743811616068471
351,NEM(Oxidation)VPGVEGGMTR,NEM(Oxidation)VPGVEGGMTR|G+C5H9N1,NEM(Oxidation)VPGVEGGMTR|none,0.9899867925093232,NM_S30_9,0.9866667280793051,0.9899867925093232,0.9998230251826284,0.9263697885944936,0.9998230251826284
354,ETLEMVVR,ETLEMVVR|AC+C5H9N1,ETLEMVVR|none,0.8253109590526602,NM_S30_9,0.008415087245498748,0.8253109590526602,0.9999926711187601,0.8958375103464717,0.9999926711187601
355,ETLEMVVR,ETLEMVVR|G+C5H9N1,ETLEMVVR|none,0.7869021023034977,NM_S30_9,0.6822180626160532,0.7869021023034977,0.7042593664129182,0.9993238753436265,0.9993238753436265
357,ETLEMVVR,ETLEMVVR|AU+C5H9N1,ETLEMVVR|none,0.9833229380653679,NM_S30_9,0.6386552878445302,0.9833229380653679,0.9757161491603236,0.9953015055179211,0.9953015055179211
358,DDGNTIMVVQK,DDGNTIMVVQK|AC+C5H9N1,DDGNTIMVVQK|none,0.7564202292403814,NM_S30_9,0.6159831084704238,0.7564202292403814,0.990281196728859,0.7145168066943364,0.990281196728859
359,DDGNTIMVVQK,DDGNTIMVVQK|CC+C5H9N1,DDGNTIMVVQK|none,0.593614595051146,NM_S30_9,0.8348711595072197,0.8348711595072197,0.9899481500630856,0.9480927950243093,0.9899481500630856
360,DDGNTIMVVQK,DDGNTIMVVQK|G+C5H9N1,DDGNTIMVVQK|none,0.9606023301389968,NM_S30_9,0.9131690666527366,0.9606023301389968,0.9758207976613226,-0.017078856785347818,0.9758207976613226
363,DDGNTIMVVQK,DDGNTIMVVQK|AG+C5H9N1,DDGNTIMVVQK|none,0.8684460902180128,NM_S30_9,0.7093748673246089,0.8684460902180128,0.9819334259512653,0.5997239181539461,0.9819334259512653
364,DDGNTIMVVQK,DDGNTIMVVQK|AU+C5H9N1,DDGNTIMVVQK|none,0.9747650725213306,NM_S30_9,0.8545626913783012,0.9747650725213306,0.9806995021109591,0.24798300620497132,0.9806995021109591
365,DDGNTIMVVQK,DDGNTIMVVQK|CG+C5H9N1,DDGNTIMVVQK|none,0.6831599794830461,NM_S30_9,0.8806547842612469,0.8806547842612469,0.9956450935117174,0.8020526024640929,0.9956450935117174
367,DDGNTIMVVQK,DDGNTIMVVQK|CU+C5H9N1,DDGNTIMVVQK|none,0.9726704891912207,NM_S30_9,0.9487350751165072,0.9726704891912207,0.988753708292196,0.8858598443895161,0.988753708292196
368,DDGNTIMVVQK,DDGNTIMVVQK|GU+C5H9N1,DDGNTIMVVQK|none,0.9118963220299923,NM_S30_9,0.9194947201658459,0.9194947201658459,0.9804903399676116,0.14607622973231973,0.9804903399676116
371,RMEDAFDVQR,RMEDAFDVQR|G+C5H9N1,RMEDAFDVQR|none,0.9945015215200996,NM_S30_9,0.8803419512905641,0.9945015215200996,0.9998470911031582,0.9959857522076333,0.9998470911031582
375,RMEDAFDVQR,RMEDAFDVQR|AU+C5H9N1,RMEDAFDVQR|none,0.9002247858515566,NM_S30_9,0.6852037918664988,0.9002247858515566,0.9972252507341677,0.9990499135970728,0.9990499135970728
377,RMEDAFDVQR,RMEDAFDVQR|AG+C5H9N1,RMEDAFDVQR|none,0.9076581227566127,NM_S30_9,0.8075793558241144,0.9076581227566127,0.9999399878001242,0.9986830530089462,0.9999399878001242
379,M(Oxidation)AVAESGM(Oxidation)GIVEDK,M(Oxidation)AVAESGM(Oxidation)GIVEDK|A+C5H9N1,M(Oxidation)AVAESGM(Oxidation)GIVEDK|none,-0.04877304780779146,NM_S30_9,0.8580912891229642,0.8580912891229642,0.47197109588984487,0.8475353459993853,0.8475353459993853
380,DVGDMQLYR,DVGDMQLYR|G+C5H9N1,DVGDMQLYR|none,0.9839900571327809,NM_S30_9,0.5754544899414458,0.9839900571327809,0.9975206515420052,-0.03428124169832608,0.9975206515420052
384,DVGDMQLYR,DVGDMQLYR|CU+C5H9N1,DVGDMQLYR|none,0.9844910592045338,NM_S30_9,0.9339971393719719,0.9844910592045338,0.9981444704602572,0.9084612060367236,0.9981444704602572
385,DVGDMQLYR,DVGDMQLYR|AG+C5H9N1,DVGDMQLYR|none,0.9529611653332805,NM_S30_9,-0.021411392271634723,0.9529611653332805,0.9993980612430875,0.7688039422555153,0.9993980612430875
386,ELDPMIK,ELDPMIK|AC+C5H9N1,ELDPMIK|none,-0.7976644714890692,NM_S30_9,0.8450856480305904,0.8450856480305904,-0.7819283547809304,0.9120922072553918,0.9120922072553918
387,ELDPMIK,ELDPMIK|G+C5H9N1,ELDPMIK|none,0.41051865933721354,NM_S30_9,0.9929738441784633,0.9929738441784633,0.8162640838594689,0.9136227765798853,0.9136227765798853
388,ELDPMIK,ELDPMIK|CG+C5H9N1,ELDPMIK|none,-0.24653501055534227,NM_S30_9,0.8930770132839387,0.8930770132839387,-0.09900237621416186,0.9997303883329207,0.9997303883329207
389,ELDPMIK,ELDPMIK|AG+C5H9N1,ELDPMIK|none,-0.7613435518356162,NM_S30_9,0.8904898681202023,0.8904898681202023,-0.4744269822039936,0.8961161500703481,0.8961161500703481
390,ELDPMIK,ELDPMIK|CU+C5H9N1,ELDPMIK|none,0.9053823844739974,NM_S30_9,0.9492860585009084,0.9492860585009084,0.9992745703932091,0.9839676107183338,0.9992745703932091
391,IGEVHDGAATM(Oxidation)DWM(Oxidation)EQEQER,IGEVHDGAATM(Oxidation)DWM(Oxidation)EQEQER|G+C5H9N1,IGEVHDGAATM(Oxidation)DWM(Oxidation)EQEQER|none,0.7047035069317733,NM_S30_9,0.9257675174218924,0.9257675174218924,0.9997516476977555,0.7868978020785343,0.9997516476977555
394,IGEVHDGAATM(Oxidation)DWM(Oxidation)EQEQER,IGEVHDGAATM(Oxidation)DWM(Oxidation)EQEQER|CG+C5H9N1,IGEVHDGAATM(Oxidation)DWM(Oxidation)EQEQER|none,0.7080007699895253,NM_S30_9,0.9176056335158715,0.9176056335158715,0.9845219810153376,0.9262245033152006,0.9845219810153376
396,IGEVHDGAATM(Oxidation)DWM(Oxidation)EQEQER,IGEVHDGAATM(Oxidation)DWM(Oxidation)EQEQER|A+C5H9N1,IGEVHDGAATM(Oxidation)DWM(Oxidation)EQEQER|none,0.8705438253423001,NM_S30_9,0.9416234532783032,0.9416234532783032,0.9829874389302242,0.9944053908137235,0.9944053908137235
401,M(Oxidation)QEQYRPEEIESK,M(Oxidation)QEQYRPEEIESK|G+C5H9N1,M(Oxidation)QEQYRPEEIESK|none,0.0,NM_S30_9,0.9341505336384998,0.9341505336384998,0.0,0.9996193537833086,0.9996193537833086
402,DLETQSQDGTFDK,DLETQSQDGTFDK|G+C5H9N1,DLETQSQDGTFDK|none,0.9667919153067459,NM_S30_9,0.01659579097795255,0.9667919153067459,0.9657976403163024,-0.9973620300518687,0.9657976403163024
404,ALMEYDESLR,ALMEYDESLR|AC+C5H9N1,ALMEYDESLR|none,0.9046205982696973,NM_S30_9,0.4384405176479197,0.9046205982696973,0.9057189150993237,0.9960416095482905,0.9960416095482905
407,ALMEYDESLR,ALMEYDESLR|G+C5H9N1,ALMEYDESLR|none,0.9046205982696972,NM_S30_9,0.8077855111299512,0.9046205982696972,0.9057189150993237,0.9983443934772058,0.9983443934772058
408,ALMEYDESLR,ALMEYDESLR|CG+C5H9N1,ALMEYDESLR|none,0.9919136122493447,NM_S30_9,0.9138985713553236,0.9919136122493447,0.9906093033657041,0.9831207439945926,0.9906093033657041
409,ALMEYDESLR,ALMEYDESLR|AG+C5H9N1,ALMEYDESLR|none,0.904620598269697,NM_S30_9,0.6496017077590731,0.904620598269697,0.905718915099324,0.9976468900109734,0.9976468900109734
410,ALMEYDESLR,ALMEYDESLR|AU+C5H9N1,ALMEYDESLR|none,0.7650026805937469,NM_S30_9,0.6842749665853782,0.7650026805937469,0.9057189150993237,0.9990843710880337,0.9990843710880337
414,ALEEAGAEVEVK,ALEEAGAEVEVK|G+C5H9N1,ALEEAGAEVEVK|none,0.8092945253251584,NM_S30_9,0.3668523923227611,0.8092945253251584,0.8522146422570367,-0.5297294133945293,0.8522146422570367
416,FLPNLHSHR,FLPNLHSHR|G+C5H9N1,FLPNLHSHR|none,0.42706075675984145,NM_S30_9,-0.4309963223434441,0.42706075675984145,1.0,0.32547297156504834,1.0
434,IGEVHDGAATMDWM(Oxidation)EQEQER,IGEVHDGAATMDWM(Oxidation)EQEQER|AC+C5H9N1,IGEVHDGAATMDWM(Oxidation)EQEQER|none,0.7048437652261078,NM_S30_9,0.9347374710850478,0.9347374710850478,0.9744402846167897,0.8865734379256673,0.9744402846167897
435,IGEVHDGAATMDWM(Oxidation)EQEQER,IGEVHDGAATMDWM(Oxidation)EQEQER|G+C5H9N1,IGEVHDGAATMDWM(Oxidation)EQEQER|none,0.8848876509103233,NM_S30_9,0.9564928734871817,0.9564928734871817,0.9935682126715705,0.9997307152733023,0.9997307152733023
436,IGEVHDGAATMDWM(Oxidation)EQEQER,IGEVHDGAATMDWM(Oxidation)EQEQER|A+C5H9N1,IGEVHDGAATMDWM(Oxidation)EQEQER|none,0.5322994878703433,NM_S30_9,0.8753417138899023,0.8753417138899023,0.9996298315882137,0.7117463202240991,0.9996298315882137
442,IGEVHDGAATMDWM(Oxidation)EQEQER,IGEVHDGAATMDWM(Oxidation)EQEQER|GU+C5H9N1,IGEVHDGAATMDWM(Oxidation)EQEQER|none,0.8280922563255848,NM_S30_9,0.9482783351395232,0.9482783351395232,0.9903670780251237,0.9782128457178414,0.9903670780251237
444,EM(Oxidation)LLDAM(Oxidation)ENPEK,EM(Oxidation)LLDAM(Oxidation)ENPEK|A+C5H9N1,EM(Oxidation)LLDAM(Oxidation)ENPEK|none,0.7181506546436458,NM_S30_9,0.9176604192111375,0.9176604192111375,0.7077126618060693,0.9799656551390975,0.9799656551390975
453,NLEVMVK,NLEVMVK|AU+C5H9N1,NLEVMVK|none,0.0,NM_S30_9,0.5025960695846109,0.5025960695846109,0.0,0.9984847907083204,0.9984847907083204
455,NLEVMVK,NLEVMVK|GU+C5H9N1,NLEVMVK|none,0.9022151075518254,NM_S30_9,0.9178668345368451,0.9178668345368451,0.9893123960535672,0.9614614652180278,0.9893123960535672
461,NLEVMVK,NLEVMVK|UU+C5H9N1,NLEVMVK|none,0.7313129026115368,NM_S30_9,0.907856129698519,0.907856129698519,0.6099251919472962,0.8957025256879838,0.8957025256879838
463,ALEGDAEWEAK,ALEGDAEWEAK|G+C5H9N1,ALEGDAEWEAK|none,0.9524968104666065,NM_S30_9,0.023617142516357215,0.9524968104666065,0.9528458781109679,0.8332969420484897,0.9528458781109679
471,LDMLNEELSDK,LDMLNEELSDK|AC+C5H9N1,LDMLNEELSDK|none,0.5615958143729304,NM_S30_9,0.12991468864213257,0.5615958143729304,0.6974074922137798,-0.40899452942744335,0.6974074922137798
472,LDMLNEELSDK,LDMLNEELSDK|A+C5H9N1,LDMLNEELSDK|none,0.6532548023228446,NM_S30_9,0.09004350254444235,0.6532548023228446,0.8267864437330322,0.05448627975525225,0.8267864437330322
473,LDMLNEELSDK,LDMLNEELSDK|G+C5H9N1,LDMLNEELSDK|none,0.7575576275046904,NM_S30_9,0.17473277521318079,0.7575576275046904,0.8983122058330493,-0.016185900435975287,0.8983122058330493
477,LDMLNEELSDK,LDMLNEELSDK|AA+C5H9N1,LDMLNEELSDK|none,0.2083747725543523,NM_S30_9,-0.007227843899742122,0.2083747725543523,0.9526156562965206,0.021534365225167384,0.9526156562965206
479,LDMLNEELSDK,LDMLNEELSDK|CG+C5H9N1,LDMLNEELSDK|none,0.784165578178793,NM_S30_9,0.4546246362301986,0.784165578178793,0.985162311752859,0.14480828625923672,0.985162311752859
480,LDMLNEELSDK,LDMLNEELSDK|AG+C5H9N1,LDMLNEELSDK|none,0.6899643446848307,NM_S30_9,0.19462775336548238,0.6899643446848307,0.8680414113232015,-0.17169676216905824,0.8680414113232015
481,LDMLNEELSDK,LDMLNEELSDK|AU+C5H9N1,LDMLNEELSDK|none,0.573458705411359,NM_S30_9,0.10591416944841019,0.573458705411359,0.6974074922137797,0.2585889908323643,0.6974074922137797
483,AIISDVNASDEDR,AIISDVNASDEDR|AC+C5H9N1,AIISDVNASDEDR|none,0.9705797829304713,NM_S30_9,0.09296185122730938,0.9705797829304713,0.9935096759163348,0.7343200501657488,0.9935096759163348
485,LDM(Oxidation)LNEELSDK,LDM(Oxidation)LNEELSDK|A+C5H9N1,LDM(Oxidation)LNEELSDK|none,0.7265768283145096,NM_S30_9,0.4003385273949304,0.7265768283145096,0.6073259264899478,0.6960899525057954,0.6960899525057954
486,LDM(Oxidation)LNEELSDK,LDM(Oxidation)LNEELSDK|AA+C5H9N1,LDM(Oxidation)LNEELSDK|none,0.7265768283145093,NM_S30_9,0.5814364954270209,0.7265768283145093,0.6073259264899478,0.8832740495465714,0.8832740495465714
487,IAHWVGQGATISDR,IAHWVGQGATISDR|G+C5H9N1,IAHWVGQGATISDR|none,0.7161358666387864,NM_S30_9,0.526012653868373,0.7161358666387864,0.9999704339308829,0.5481687181432211,0.9999704339308829
488,GLIEEMASAYEDPK,GLIEEMASAYEDPK|A+C5H9N1,GLIEEMASAYEDPK|none,0.8406492559809052,NM_S30_9,0.6662147358001842,0.8406492559809052,0.9995089489530713,0.9812176134822892,0.9995089489530713
489,GLIEEMASAYEDPK,GLIEEMASAYEDPK|AC+C5H9N1,GLIEEMASAYEDPK|none,0.7828237974399559,NM_S30_9,0.7678671537727925,0.7828237974399559,0.9992214697400611,0.995403825905326,0.9992214697400611
490,GLIEEMASAYEDPK,GLIEEMASAYEDPK|CC+C5H9N1,GLIEEMASAYEDPK|none,0.6682129793264873,NM_S30_9,0.9305516789985482,0.9305516789985482,0.9943269629381416,0.9879391066308356,0.9943269629381416
492,GLIEEMASAYEDPK,GLIEEMASAYEDPK|G+C5H9N1,GLIEEMASAYEDPK|none,0.7938079238575292,NM_S30_9,0.8267790354215154,0.8267790354215154,0.99516432266552,0.9886860887315193,0.99516432266552
495,GLIEEMASAYEDPK,GLIEEMASAYEDPK|AA+C5H9N1,GLIEEMASAYEDPK|none,0.7556033101799133,NM_S30_9,0.6818769262387282,0.7556033101799133,0.9973479487795388,0.9835823332741434,0.9973479487795388
496,GLIEEMASAYEDPK,GLIEEMASAYEDPK|AG+C5H9N1,GLIEEMASAYEDPK|none,0.7834584213799957,NM_S30_9,0.840047324435944,0.840047324435944,0.9998297072859362,0.9924329175553058,0.9998297072859362
498,GLIEEMASAYEDPK,GLIEEMASAYEDPK|AU+C5H9N1,GLIEEMASAYEDPK|none,0.7626655526718189,NM_S30_9,0.7596941249940311,0.7626655526718189,0.9995883637526204,0.9894677838499578,0.9995883637526204
499,ALEIEEMQLK,ALEIEEMQLK|CC+C5H9N1,ALEIEEMQLK|none,0.6493115869342163,NM_S30_9,0.7560849985539368,0.7560849985539368,0.992213654470075,0.5935790859906194,0.992213654470075
500,ALEIEEMQLK,ALEIEEMQLK|AC+C5H9N1,ALEIEEMQLK|none,0.8130184405397373,NM_S30_9,0.6106048383161401,0.8130184405397373,0.989370984870439,0.17405413685200244,0.989370984870439
501,ALEIEEMQLK,ALEIEEMQLK|CG+C5H9N1,ALEIEEMQLK|none,0.8714910981437507,NM_S30_9,0.8405208842662588,0.8714910981437507,0.9926145187256934,0.4158726651421454,0.9926145187256934
502,ALEIEEMQLK,ALEIEEMQLK|G+C5H9N1,ALEIEEMQLK|none,0.9680146265412686,NM_S30_9,0.9142030754364721,0.9680146265412686,0.9997252907375713,0.7215075266715046,0.9997252907375713
504,ALEIEEMQLK,ALEIEEMQLK|GU+C5H9N1,ALEIEEMQLK|none,0.9109548022155438,NM_S30_9,0.8899277643506438,0.9109548022155438,0.9963942149271291,0.11871929946787657,0.9963942149271291
505,ALEIEEMQLK,ALEIEEMQLK|AG+C5H9N1,ALEIEEMQLK|none,0.9013012883822888,NM_S30_9,0.7152379547749226,0.9013012883822888,0.9928062256642679,0.5276454601791883,0.9928062256642679
506,ALEIEEMQLK,ALEIEEMQLK|CU+C5H9N1,ALEIEEMQLK|none,0.9651295587685619,NM_S30_9,0.9690999095726123,0.9690999095726123,0.9947294675516346,0.6664827360514083,0.9947294675516346
511,ALEIEEMQLK,ALEIEEMQLK|AU+C5H9N1,ALEIEEMQLK|none,0.9677434228490501,NM_S30_9,0.8487698723944465,0.9677434228490501,0.9986756765901454,0.704892849899182,0.9986756765901454
515,GKPFAPLLEK,GKPFAPLLEK|G+C5H9N1,GKPFAPLLEK|none,0.5305141794171311,NM_S30_9,0.3145106840319669,0.5305141794171311,0.9729355800165969,0.07577496397387706,0.9729355800165969
517,M(Oxidation)DEFKPEDELKPDPSDR,M(Oxidation)DEFKPEDELKPDPSDR|G+C5H9N1,M(Oxidation)DEFKPEDELKPDPSDR|none,-0.11714063857446519,NM_S30_9,0.9551962403237967,0.9551962403237967,-0.9986946960704873,0.9885142107729091,0.9885142107729091
518,M(Oxidation)QGSVTEFLKPR,M(Oxidation)QGSVTEFLKPR|A+C5H9N1,M(Oxidation)QGSVTEFLKPR|none,-0.14660039604603578,NM_S30_9,0.7373777009728006,0.7373777009728006,-0.49999999999999994,-0.9440217271774747,-0.49999999999999994
519,AMEIVYDEADLR,AMEIVYDEADLR|G+C5H9N1,AMEIVYDEADLR|none,0.975055283498155,NM_S30_9,0.9082703494221956,0.975055283498155,0.9999968184348371,0.9595050610615534,0.9999968184348371
521,LDQM(Oxidation)EQDGVVLEAM(Oxidation)S,LDQM(Oxidation)EQDGVVLEAM(Oxidation)S|A+C5H9N1,LDQM(Oxidation)EQDGVVLEAM(Oxidation)S|none,0.8860743589490261,NM_S30_9,0.5870008158498691,0.8860743589490261,0.9956831757103806,0.4115980209492368,0.9956831757103806
529,DEEGLEIIR,DEEGLEIIR|CC+C5H9N1,DEEGLEIIR|none,0.835420453711448,NM_S30_9,0.14554884110325852,0.835420453711448,0.8935404790325981,0.7556026460351445,0.8935404790325981
531,M(Oxidation)APPQISAEVLK,M(Oxidation)APPQISAEVLK|A+C5H9N1,M(Oxidation)APPQISAEVLK|none,0.08503065083773899,NM_S30_9,0.627224544527977,0.627224544527977,-0.9052791026184738,0.9942062706931084,0.9942062706931084
575,LPIKTTFVTK,LPIKTTFVTK|G+C5H9N1,LPIKTTFVTK|none,0.0,NM_S30_9,0.24549958533948238,0.24549958533948238,0.0,0.8307430034269547,0.8307430034269547
576,DAQVLDELMGER,DAQVLDELMGER|AC+C5H9N1,DAQVLDELMGER|none,0.974183684267227,NM_S30_9,0.3832839469721535,0.974183684267227,0.9959263172857886,0.6351752255166553,0.9959263172857886
578,DAQVLDELMGER,DAQVLDELMGER|G+C5H9N1,DAQVLDELMGER|none,0.9814295189930534,NM_S30_9,0.9710479126188447,0.9814295189930534,0.9993856213161376,0.9959172850411974,0.9993856213161376
580,DAQVLDELMGER,DAQVLDELMGER|CC+C5H9N1,DAQVLDELMGER|none,0.9810600808981667,NM_S30_9,0.586869396799875,0.9810600808981667,0.9988219974067032,0.9071619124016437,0.9988219974067032
598,DAQVLDELMGER,DAQVLDELMGER|AG+C5H9N1,DAQVLDELMGER|none,0.9699638825353007,NM_S30_9,0.4074183326522622,0.9699638825353007,0.9375459041079407,0.6632511808774546,0.9375459041079407
600,DAQVLDELMGER,DAQVLDELMGER|AU+C5H9N1,DAQVLDELMGER|none,0.9870699601179312,NM_S30_9,0.8854610231520825,0.9870699601179312,0.9985729715041922,0.9906379665857595,0.9985729715041922
604,DAQVLDELMGER,DAQVLDELMGER|CU+C5H9N1,DAQVLDELMGER|none,0.9809627754454165,NM_S30_9,0.9223285492770106,0.9809627754454165,0.9989204968692111,0.9945447271777086,0.9989204968692111
606,VM(Oxidation)AGLGIAVVSTSK,VM(Oxidation)AGLGIAVVSTSK|A+C5H9N1,VM(Oxidation)AGLGIAVVSTSK|none,0.0,NM_S30_9,0.8242676170471356,0.8242676170471356,0.0,-0.43427063797376597,0.0
607,NIFLVGPMGAGK,NIFLVGPMGAGK|G+C5H9N1,NIFLVGPMGAGK|none,0.9746710680609064,NM_S30_9,0.8737956063427823,0.9746710680609064,0.9999869982097714,0.5753028220402178,0.9999869982097714
617,NAISAVPVMPWR,NAISAVPVMPWR|G+C5H9N1,NAISAVPVMPWR|none,0.997861605842288,NM_S30_9,0.9778741719192859,0.997861605842288,0.9973133051298302,0.9996686954855842,0.9996686954855842
621,PFAPLLEK,PFAPLLEK|AC+C5H9N1,PFAPLLEK|none,0.9183372681950968,NM_S30_9,-0.10901432980016837,0.9183372681950968,0.9998966042477477,0.2971869988908171,0.9998966042477477
637,PFAPLLEK,PFAPLLEK|AA+C5H9N1,PFAPLLEK|none,0.7824060366257918,NM_S30_9,-0.10901432980016837,0.7824060366257918,0.9949422954687445,0.2971869988908171,0.9949422954687445
643,FTVLISPHVNK,FTVLISPHVNK|G+C5H9N1,FTVLISPHVNK|none,0.8919012465817264,NM_S30_9,-0.254729740946946,0.8919012465817264,0.9676307611031167,0.14036668587885315,0.9676307611031167
659,M(Oxidation)LILTR,M(Oxidation)LILTR|A+C5H9N1,M(Oxidation)LILTR|none,0.06986089254085076,NM_S30_9,0.6126347027247362,0.6126347027247362,-0.9898211680872956,0.9950117162888649,0.9950117162888649
665,DDDVVDAEFEEVK,DDDVVDAEFEEVK|A+C5H9N1,DDDVVDAEFEEVK|none,0.9632762445790591,NM_S30_9,0.012795929924026908,0.9632762445790591,0.9972228639139737,0.9939215984373286,0.9972228639139737
666,SQDLASQAEESFVEAE,SQDLASQAEESFVEAE|G+C5H9N1,SQDLASQAEESFVEAE|none,0.6954802402512588,NM_S30_9,0.0,0.6954802402512588,0.9830908628707453,0.0,0.9830908628707453
